attribute,sequences,frames,auc_weighted,pr20_weighted,mean_failure_rate_iou_010
low_event_density,5,9850,0.6669367241292659,0.9815228426395939,0.002436548223350254
high_dynamic_range,2,3917,0.635020739755875,0.9754914475363798,0.0035741639009446006
all,32,59688,0.5685944800752694,0.8788198632891033,0.08202653799758745
fast_motion,5,10913,0.5612753614773187,0.8916888115092092,0.05653807385686795
small_rigid_object,5,9076,0.5485853234948882,0.8162185985015425,0.13508153371529308
similar_or_multiple_objects,9,16977,0.5476862406155795,0.8267067208576309,0.11268186369794428
large_or_deformable_object,7,14163,0.5092113532471655,0.8264491986161124,0.12412624443973734
