attribute,sequences,frames,auc_weighted,pr20_weighted,mean_failure_rate_iou_010
all,172,93805,0.29700183812955155,0.3969937636586536,0.507531581472203
small_rigid_object,2,1332,0.15497428121190496,0.15990990990990991,0.6118618618618619
