attribute,sequences,frames,auc_weighted,pr20_weighted,mean_failure_rate_iou_010
low_event_density,5,9850,0.6894406191888224,0.9874111675126903,0.002233502538071066
high_dynamic_range,2,3917,0.6475353688036661,0.9754914475363798,0.0035741639009446006
small_rigid_object,5,9076,0.6235736508864637,0.9061260467166152,0.06930365799911856
fast_motion,5,10913,0.6016586630714753,0.932649134060295,0.04948226885366077
all,32,59688,0.6014955988964399,0.9083065272751641,0.07500670151454229
similar_or_multiple_objects,9,16977,0.573812443976329,0.8552747835306591,0.12581728220533664
large_or_deformable_object,7,14163,0.5335307519313677,0.8569512109016452,0.11106404010449764
