attribute,sequences,frames,auc_weighted,pr20_weighted,mean_failure_rate_iou_010
small_rigid_object,2,1332,0.25874141468200873,0.3791291291291291,0.43093093093093093
all,172,93805,0.2335836771140469,0.38847609402483874,0.4895261446617984
