attribute,sequences,frames,auc_weighted,pr20_weighted,norm_precision_020_weighted,mean_failure_rate_iou_010
all,1,2122,0.5974981569787516,0.9792648444863337,0.6065032987747409,0.020263901979264844
fast_motion,1,2122,0.5974981569787516,0.9792648444863337,0.6065032987747409,0.020263901979264844
