attribute,sequences,frames,auc_weighted,pr20_weighted,mean_failure_rate_iou_010
all,172,93805,0.3160523120165543,0.4411811737114226,0.4740472256276318
small_rigid_object,2,1332,0.1556209675021556,0.234984984984985,0.6741741741741741
