attribute,sequences,frames,auc_weighted,pr20_weighted,mean_failure_rate_iou_010
all,172,93805,0.2903902713708288,0.40340067160599113,0.45142583017962795
small_rigid_object,2,1332,0.1621101299319121,0.1891891891891892,0.6531531531531531
