attribute,sequences,frames,auc_weighted,pr20_weighted,mean_failure_rate_iou_010
all,172,93805,0.30428933837363276,0.38051276584403815,0.506582804754544
small_rigid_object,2,1332,0.11205512443136205,0.08858858858858859,0.722972972972973
