sequence,frames,auc,pr20,mean_iou,mean_center_error,failure_rate_iou_010,category_tags
roadLight_001,375,0.015735973597359735,0.008,0.00596847807943415,129.32384015358744,0.9893333333333333,all
video_0076,70,0.07128712871287127,0.1,0.06400743277376915,45.95674931147593,0.8571428571428571,all
tennis_long_001,650,0.12111195734958112,0.19230769230769232,0.11339415521395739,160.25554560218188,0.803076923076923,all
video_0045,44,0.1296129612961296,0.18181818181818182,0.12166006242935215,95.9807501496915,0.7727272727272727,all
video_0032,1932,0.2115542299571572,0.42391304347826086,0.20640715733064702,46.70643338858316,0.5357142857142857,all
