attribute,sequences,frames,auc_weighted,pr20_weighted,mean_failure_rate_iou_010
low_event_density,5,9850,0.6773151731416797,0.9859898477157361,0.003553299492385787
high_dynamic_range,2,3917,0.6340728532899242,0.9775338269083482,0.0035741639009446006
small_rigid_object,5,9076,0.60360912688889,0.8956588805641251,0.07591449977963861
fast_motion,5,10913,0.5960000471778142,0.92788417483735,0.052322917621185745
all,32,59688,0.5929362387384698,0.9104175043559845,0.07239311084305053
similar_or_multiple_objects,9,16977,0.5745904330669858,0.8664663957118455,0.1105613477057195
large_or_deformable_object,7,14163,0.5202448438023214,0.8568099978818047,0.11720680646755631
