attribute,sequences,frames,auc_weighted,pr20_weighted,mean_failure_rate_iou_010
all,172,93805,0.26118116315655876,0.36919140770747827,0.47919620489312936
small_rigid_object,2,1332,0.11860375226711856,0.09234234234234234,0.6021021021021021
