attribute,sequences,frames,auc_weighted,pr20_weighted,mean_failure_rate_iou_010
low_event_density,5,9850,0.6181967130723225,0.9759390862944163,0.003350253807106599
high_dynamic_range,2,3917,0.5559215099452249,0.95225938218024,0.014551953025274445
fast_motion,5,10913,0.5470049799811832,0.8898561348849996,0.06725923210849445
all,32,59688,0.521060007086354,0.8412746280659429,0.11583567886342314
small_rigid_object,5,9076,0.5207357888719679,0.8374834728955487,0.1130453944468929
similar_or_multiple_objects,9,16977,0.4809751340923101,0.7627378217588502,0.167226247275726
large_or_deformable_object,7,14163,0.45279255737478,0.7643860763962438,0.18576572760008472
