attribute,sequences,frames,auc_weighted,pr20_weighted,mean_failure_rate_iou_010
all,172,93805,0.3149492231884027,0.4127924950695592,0.4816267789563456
small_rigid_object,2,1332,0.08495376564683496,0.03678678678678678,0.7522522522522522
