attribute,sequences,frames,auc_weighted,pr20_weighted,mean_failure_rate_iou_010
all,172,93805,0.3449334806088681,0.45188422791962046,0.4797825275838175
small_rigid_object,2,1332,0.20882763952070885,0.31681681681681684,0.6178678678678678
