attribute,sequences,frames,auc_weighted,pr20_weighted,mean_failure_rate_iou_010
low_event_density,5,9850,0.6928139920591043,0.993502538071066,0.0018274111675126903
high_dynamic_range,2,3917,0.6060078308060574,0.970385499106459,0.0035741639009446006
small_rigid_object,5,9076,0.5636418974643168,0.8280079330101366,0.12935213750550903
all,32,59688,0.5307035528643335,0.8448766921324219,0.11070902023857392
fast_motion,5,10913,0.5203132243949218,0.847063135709704,0.09575735361495465
similar_or_multiple_objects,9,16977,0.5096324263986745,0.8152205925664134,0.11603934735230018
large_or_deformable_object,7,14163,0.483187611283899,0.8109863729435854,0.13471722092776953
