attribute,sequences,frames,auc_weighted,pr20_weighted,mean_failure_rate_iou_010
low_event_density,5,9850,0.6293873448258531,0.9594923857868021,0.0037563451776649747
small_rigid_object,5,9076,0.4806889238945931,0.7288453063023358,0.16912736888497135
high_dynamic_range,2,3917,0.4804571087693401,0.7771253510339545,0.1273934133265254
all,32,59688,0.4181210943772303,0.6670184961801368,0.2305823616137247
similar_or_multiple_objects,9,16977,0.3883810186991486,0.5928609294928433,0.27802320786947043
fast_motion,5,10913,0.3748939633265077,0.6093649775497113,0.22651883075231374
large_or_deformable_object,7,14163,0.3439977126287084,0.5902704229329945,0.29873614347242816
