sequence,frames,auc,pr20,norm_precision_020,mean_iou,mean_center_error,failure_rate_iou_010
star_mul222,2036,0.45699196638720835,0.6797642436149313,0.46414538310412573,0.4551320758091246,38.649027810855564,0.30206286836935164
star_motion,2122,0.5974981569787516,0.9792648444863337,0.6065032987747409,0.5983434112446967,8.109228691920494,0.020263901979264844
bike_low,1290,0.60364571340855,0.9891472868217054,0.6255813953488372,0.6046097666765006,13.174360107781121,0.0
box_hdr,1948,0.6666853030272227,0.9568788501026694,0.8213552361396304,0.6682445787315818,8.313298163957555,0.003593429158110883
dog_motion,2788,0.6902069690469765,0.9878048780487805,0.7618364418938307,0.6920247865038027,7.606138237779798,0.0010760401721664275
