attribute,sequences,frames,auc_weighted,pr20_weighted,mean_failure_rate_iou_010
low_event_density,5,9850,0.6772538573654321,0.9852791878172589,0.0036548223350253805
high_dynamic_range,2,3917,0.6348134685819871,0.9770232320653561,0.0025529742149604288
small_rigid_object,5,9076,0.6076770854696752,0.9013882767739092,0.06798148964301455
fast_motion,5,10913,0.604153643624236,0.9365893888023459,0.03427105287272061
all,32,59688,0.5935647545454185,0.9103002278514944,0.07024862618951883
similar_or_multiple_objects,9,16977,0.5776580662130536,0.8707663309183012,0.10549567061318255
large_or_deformable_object,7,14163,0.5183363708114086,0.8517969356774695,0.11480618513026901
