attribute,sequences,frames,auc_weighted,pr20_weighted,mean_failure_rate_iou_010
all,172,93805,0.31551834145090313,0.42079846490059164,0.4541442353819093
small_rigid_object,2,1332,0.07531293669907531,0.044294294294294295,0.771021021021021
