attribute,sequences,frames,auc_weighted,pr20_weighted,mean_failure_rate_iou_010
small_rigid_object,2,1332,0.3788838343293789,0.5930930930930931,0.38813813813813813
all,172,93805,0.2339181607516329,0.3093331911944992,0.6228346036991631
