attribute,sequences,frames,auc_weighted,pr20_weighted,mean_failure_rate_iou_010
high_dynamic_range,1,1948,0.6638186919307949,0.9625256673511293,0.003593429158110883
small_rigid_object,1,1948,0.6638186919307949,0.9625256673511293,0.003593429158110883
fast_motion,2,4910,0.6548668105099715,0.9820773930753565,0.01120162932790224
all,5,10184,0.6137806926804228,0.9262568735271013,0.059603299293008644
low_event_density,1,1290,0.6007751937984495,0.9899224806201551,0.0
similar_or_multiple_objects,1,2036,0.4750627322064229,0.7166011787819253,0.2676817288801572
