sequence,frames,auc,pr20,norm_precision_020,mean_iou,mean_center_error,failure_rate_iou_010
star_mul222,2036,0.4750627322064229,0.7166011787819253,0.47593320235756387,0.4734897639842859,36.23315880297957,0.2676817288801572
bike_low,1290,0.6007751937984495,0.9899224806201551,0.5899224806201551,0.6016972798843234,13.270724560114036,0.0
star_motion,2122,0.602555967189556,0.9750235626767201,0.6079170593779454,0.6034402105160785,9.151345557704827,0.024976437323279924
box_hdr,1948,0.6638186919307949,0.9625256673511293,0.8157084188911704,0.665366831967452,8.367229923767358,0.003593429158110883
dog_motion,2788,0.6946815915450942,0.9874461979913917,0.7736728837876614,0.6966146310895994,7.481948412043384,0.0007173601147776184
