attribute,sequences,frames,auc_weighted,pr20_weighted,mean_failure_rate_iou_010
all,172,93805,0.25965229111792365,0.3726986834390491,0.5074356377591813
small_rigid_object,2,1332,0.04640531620729642,0.042042042042042045,0.8776276276276276
