attribute,sequences,frames,auc_weighted,pr20_weighted,mean_failure_rate_iou_010
all,172,93805,0.2884106010942228,0.389328927029476,0.5346303501945525
small_rigid_object,2,1332,0.14046472214789046,0.16741741741741742,0.6906906906906907
