attribute,sequences,frames,auc_weighted,pr20_weighted,mean_failure_rate_iou_010
high_dynamic_range,1,1948,0.6621312541931812,0.9548254620123203,0.004620123203285421
small_rigid_object,1,1948,0.6621312541931812,0.9548254620123203,0.004620123203285421
fast_motion,2,4910,0.6561936641729347,0.9822810590631365,0.010997963340122199
all,5,10184,0.6113375280968787,0.9191869599371564,0.06500392772977219
low_event_density,1,1290,0.5996853173689459,0.9875968992248062,0.0
similar_or_multiple_objects,1,2036,0.4619473243984516,0.6895874263261297,0.29420432220039294
