sequence,frames,auc,pr20,norm_precision_020,mean_iou,mean_center_error,failure_rate_iou_010
star_mul222,2036,0.46194732439845154,0.6895874263261297,0.47445972495088407,0.4601239711943123,39.86413636297971,0.29420432220039294
bike_low,1290,0.5996853173689459,0.9875968992248062,0.5922480620155038,0.6006027280003813,13.300958379506314,0.0
star_motion,2122,0.6058547419303665,0.9754948162111216,0.616870876531574,0.6068724064153629,9.056269580052087,0.0235626767200754
box_hdr,1948,0.6621312541931812,0.9548254620123203,0.8074948665297741,0.6638062697361915,8.44510238073711,0.004620123203285421
dog_motion,2788,0.6945075784479452,0.9874461979913917,0.7758249641319943,0.696477201012456,7.487213340970527,0.0014347202295552368
