attribute,sequences,frames,auc_weighted,pr20_weighted,mean_failure_rate_iou_010
small_rigid_object,2,1332,0.30150447477180153,0.5758258258258259,0.41291291291291293
all,172,93805,0.160612203217017,0.24892063322850594,0.7247694685784339
