attribute,sequences,frames,auc_weighted,pr20_weighted,mean_failure_rate_iou_010
all,172,93805,0.3192654236907086,0.43449709503757794,0.4798464900591653
small_rigid_object,2,1332,0.14752623911039753,0.1704204204204204,0.6283783783783784
