attribute,sequences,frames,auc_weighted,pr20_weighted,mean_failure_rate_iou_010
low_event_density,5,9850,0.6506800020103533,0.9709644670050761,0.004771573604060914
high_dynamic_range,2,3917,0.609738711936039,0.9668113352055144,0.0051059484299208575
small_rigid_object,5,9076,0.5159314741522633,0.7914279418245923,0.1618554429263993
all,32,59688,0.4688951856584935,0.7246347674574454,0.23237501675378636
large_or_deformable_object,7,14163,0.4457347026801811,0.7266115935889289,0.22177504765939415
similar_or_multiple_objects,9,16977,0.4218917032187403,0.6365671202214761,0.31501443128939155
fast_motion,5,10913,0.39610039075931786,0.6315403647026482,0.30532392559332905
