attribute,sequences,frames,auc_weighted,pr20_weighted,mean_failure_rate_iou_010
low_event_density,5,9850,0.6665426948786249,0.9885279187817259,0.0028426395939086294
high_dynamic_range,2,3917,0.5967438204121663,0.945876946642839,0.013530763339290272
fast_motion,5,10913,0.5636224577282251,0.8993860533308897,0.06982497938238798
all,32,59688,0.5606515265519315,0.8791884465889291,0.08797413215386678
similar_or_multiple_objects,9,16977,0.5414769078957729,0.8310655592860929,0.11226954114390057
small_rigid_object,5,9076,0.5413472153738071,0.8135742617893346,0.13320846187747906
large_or_deformable_object,7,14163,0.4892003498168075,0.811833651062628,0.141777871919791
