attribute,sequences,frames,auc_weighted,pr20_weighted,mean_failure_rate_iou_010
low_event_density,5,9850,0.6682092777805699,0.9809137055837563,0.0020304568527918783
high_dynamic_range,2,3917,0.6336330339697231,0.9831503701812612,0.0040847587439366865
small_rigid_object,5,9076,0.5767948544523911,0.8518069634200088,0.11271485235786691
all,32,59688,0.5682952342278861,0.8786188178528347,0.08730398069963811
fast_motion,5,10913,0.5672551494130444,0.9016768991111518,0.06258590671675983
similar_or_multiple_objects,9,16977,0.5505200104742759,0.8221122695411439,0.12122283088884962
large_or_deformable_object,7,14163,0.5090792281939484,0.8320977194097295,0.12306714679093413
