attribute,sequences,frames,auc_weighted,pr20_weighted,mean_failure_rate_iou_010
high_dynamic_range,1,1948,0.6968202980462317,0.9697125256673511,0.004106776180698152
small_rigid_object,1,1948,0.6968202980462317,0.9697125256673511,0.004106776180698152
fast_motion,2,4910,0.6568772559537013,0.9828920570264765,0.010997963340122199
all,5,10184,0.6145963771553904,0.9188923802042419,0.06686959937156324
low_event_density,1,1290,0.6037915419448919,0.993798449612403,0.0
similar_or_multiple_objects,1,2036,0.44080802972242206,0.668467583497053,0.30402750491159136
