sequence,frames,auc,pr20,norm_precision_020,mean_iou,mean_center_error,failure_rate_iou_010
star_mul222,2036,0.44080802972242206,0.668467583497053,0.4130648330058939,0.43884079280601734,40.30886617990566,0.30402750491159136
bike_low,1290,0.6037915419448919,0.993798449612403,0.6170542635658914,0.6048103722537775,13.05168431552717,0.0
star_motion,2122,0.609354149364041,0.9731385485391141,0.6352497643732328,0.6103595314048142,8.927435480954347,0.024505183788878417
dog_motion,2788,0.6930479992045115,0.9903156384505022,0.7819225251076041,0.6948862600055445,7.395269509825799,0.0007173601147776184
box_hdr,1948,0.6968202980462317,0.9697125256673511,0.8839835728952772,0.698856142957356,7.432846647235832,0.004106776180698152
