attribute,sequences,frames,auc_weighted,pr20_weighted,mean_failure_rate_iou_010
low_event_density,5,9850,0.6695260592049053,0.9904568527918781,0.0019289340101522842
high_dynamic_range,2,3917,0.6059421106777515,0.9729384733214195,0.002808271636456472
small_rigid_object,5,9076,0.5609102889134221,0.8416703393565448,0.12439400617011899
all,32,59688,0.5453926424005489,0.8617477549926283,0.10368918375552875
similar_or_multiple_objects,9,16977,0.5412587910142843,0.8388996878129233,0.11774754079048123
fast_motion,5,10913,0.5275586479201388,0.8481627416842298,0.09850636855126912
large_or_deformable_object,7,14163,0.4578923047992154,0.7586669490927064,0.20221704441149474
