attribute,sequences,frames,auc_weighted,pr20_weighted,mean_failure_rate_iou_010
low_event_density,5,9850,0.693711614816304,0.9774619289340102,0.003553299492385787
high_dynamic_range,2,3917,0.6344166201149092,0.9780444217513403,0.002808271636456472
small_rigid_object,5,9076,0.612255584306778,0.8884971353018951,0.07360070515645659
fast_motion,5,10913,0.6019145119863402,0.9178044534041968,0.06478511866581142
all,32,59688,0.590291462801286,0.8958752177992226,0.08386945449671626
similar_or_multiple_objects,9,16977,0.5727510195797809,0.862755492725452,0.1105613477057195
large_or_deformable_object,7,14163,0.501868276215463,0.8211537103720963,0.14841488385229118
