attribute,sequences,frames,auc_weighted,pr20_weighted,mean_failure_rate_iou_010
low_event_density,5,9850,0.6727587073428155,0.9863959390862944,0.0021319796954314724
high_dynamic_range,2,3917,0.613176380185887,0.9775338269083482,0.002297676793464386
small_rigid_object,5,9076,0.5773392125461996,0.868995152049361,0.09200088144557074
similar_or_multiple_objects,9,16977,0.5747898875415021,0.8732402662425635,0.08588089768510337
all,32,59688,0.5678966268158783,0.8841308135638655,0.08494169682348211
fast_motion,5,10913,0.557498414553267,0.8703381288371667,0.08137084211490883
large_or_deformable_object,7,14163,0.4929250179836878,0.816776106757043,0.15166278330862107
