attribute,sequences,frames,auc_weighted,pr20_weighted,mean_failure_rate_iou_010
all,172,93805,0.312185009876714,0.4088161611854379,0.48594424604232184
small_rigid_object,2,1332,0.10842773466535842,0.07657657657657657,0.6959459459459459
