attribute,sequences,frames,auc_weighted,pr20_weighted,norm_precision_020_weighted,mean_failure_rate_iou_010
high_dynamic_range,1,1948,0.6697348893000185,0.9645790554414785,0.87217659137577,0.003593429158110883
small_rigid_object,1,1948,0.6697348893000185,0.9645790554414785,0.87217659137577,0.003593429158110883
low_event_density,1,1290,0.6221352367794918,0.986046511627907,0.5953488372093023,0.0
all,5,10184,0.5056961803800175,0.7713079340141398,0.5418303220738413,0.19540455616653574
fast_motion,2,4910,0.44025730475287855,0.6665987780040733,0.464969450101833,0.3018329938900204
similar_or_multiple_objects,1,2036,0.43278414285436395,0.7028487229862476,0.37721021611001965,0.24607072691552062
