sequence,frames,auc,pr20,norm_precision_020,mean_iou,mean_center_error,failure_rate_iou_010
star_motion,2122,0.19033043737927047,0.3468426013195099,0.1583411875589067,0.1843311435217731,77.28856207360113,0.6145146088595664
star_mul222,2036,0.43278414285436395,0.7028487229862476,0.37721021611001965,0.4309319440710688,35.37674573467249,0.24607072691552062
bike_low,1290,0.6221352367794918,0.986046511627907,0.5953488372093023,0.6235712236398939,12.802786545211198,0.0
dog_motion,2788,0.6304814125601943,0.9099713055954088,0.6983500717360115,0.6314553327017065,16.63550490082393,0.06384505021520803
box_hdr,1948,0.6697348893000185,0.9645790554414785,0.87217659137577,0.6714879345637488,7.278184326262063,0.003593429158110883
