attribute,sequences,frames,auc_weighted,pr20_weighted,mean_failure_rate_iou_010
high_dynamic_range,1,1948,0.6552442718604511,0.9440451745379876,0.003593429158110883
small_rigid_object,1,1948,0.6552442718604511,0.9440451745379876,0.003593429158110883
fast_motion,2,4910,0.6426831481518823,0.9873727087576375,0.008146639511201629
all,5,10184,0.6056724584477301,0.9209544383346425,0.06107619795758052
low_event_density,1,1290,0.5948422749251667,0.9744186046511628,0.0
similar_or_multiple_objects,1,2036,0.4758505320080141,0.7048133595284872,0.2824165029469548
