attribute,sequences,frames,auc_weighted,pr20_weighted,mean_failure_rate_iou_010
all,172,93805,0.3321044657101497,0.43776984169287353,0.48331112414050426
small_rigid_object,2,1332,0.15707786994915707,0.19519519519519518,0.7312312312312312
