attribute,sequences,frames,auc_weighted,pr20_weighted,mean_failure_rate_iou_010
all,172,93805,0.19952175911584014,0.24782261073503545,0.6043068066734183
small_rigid_object,2,1332,0.12554633841762555,0.1524024024024024,0.7184684684684685
