attribute,sequences,frames,auc_weighted,pr20_weighted,mean_failure_rate_iou_010
low_event_density,5,9850,0.681985223903101,0.9822335025380711,0.0016243654822335025
high_dynamic_range,2,3917,0.6025448855837843,0.9394945111054378,0.0033188664794485574
small_rigid_object,5,9076,0.5293964279636426,0.7946231820185103,0.14609960334949318
all,32,59688,0.5040778052473521,0.7955200375284814,0.16103739445114595
fast_motion,5,10913,0.48723976218752635,0.7997800788050948,0.14175753688261705
similar_or_multiple_objects,9,16977,0.44901751175294236,0.6861636331507334,0.26276727336985334
large_or_deformable_object,7,14163,0.4458430592053063,0.7511826590411635,0.1913436418837817
