attribute,sequences,frames,auc_weighted,pr20_weighted,mean_failure_rate_iou_010
low_event_density,5,9850,0.5997889129014423,0.8553299492385786,0.13451776649746192
fast_motion,5,10913,0.5913993030385233,0.8985613488499954,0.08027123614038303
all,32,59688,0.5577023625161069,0.8436536657284547,0.13833601393915024
similar_or_multiple_objects,9,16977,0.5524282415871911,0.8300642045119868,0.14820050656770925
large_or_deformable_object,7,14163,0.5186977922532775,0.8300501306220434,0.13372872978888653
small_rigid_object,5,9076,0.429076358495259,0.627809607756721,0.3547818422212428
high_dynamic_range,2,3917,0.3849632346436073,0.583099310696962,0.41690068930303803
